{"Keys":["com.unity.services.core.cloud-environment","com.unity.services.core.version","com.unity.services.core.initializer-assembly-qualified-names","com.unity.services.authentication.version","com.unity.services.authentication.initializer-assembly-qualified-names","com.unity.services.cloudsave.version","com.unity.services.cloudsave.initializer-assembly-qualified-names","com.unity.services.core.all-package-names"],"Values":[{"m_Value":"production","m_IsReadOnly":false},{"m_Value":"1.7.1","m_IsReadOnly":true},{"m_Value":"Unity.Services.Core.Registration.CorePackageInitializer, Unity.Services.Core.Registration, Version=0.0.0.0, Culture=neutral, PublicKeyToken=null","m_IsReadOnly":true},{"m_Value":"2.4.0","m_IsReadOnly":true},{"m_Value":"Unity.Services.Authentication.AuthenticationPackageInitializer, Unity.Services.Authentication, Version=0.0.0.0, Culture=neutral, PublicKeyToken=null","m_IsReadOnly":true},{"m_Value":"2.0.1","m_IsReadOnly":true},{"m_Value":"Unity.Services.CloudSave.CloudSaveInitializer, Unity.Services.CloudSave, Version=0.0.0.0, Culture=neutral, PublicKeyToken=null","m_IsReadOnly":true},{"m_Value":"com.unity.services.core;com.unity.services.authentication;com.unity.services.cloudsave","m_IsReadOnly":false}]}